{
  "fp32": {
    "dice": 0.9449316183783119,
    "iou": 0.8961284975508015,
    "accuracy": 0.9976802825912511,
    "precision": 0.9744017087866077,
    "recall": 0.9191289994627375,
    "specificity": 0.9994768210364203,
    "hd95": 2.5802873111543487,
    "size_mb": 375.2,
    "latency_ms": 2482.263857126236,
    "n": 40,
    "tag": "FP32 ONNX"
  },
  "int8": {
    "dice": 0.9413466848537381,
    "iou": 0.8897267934486098,
    "accuracy": 0.9975444793685952,
    "precision": 0.9754722125938844,
    "recall": 0.9118168727709041,
    "specificity": 0.9995031130937513,
    "hd95": 2.6978769360533534,
    "size_mb": 105.7,
    "latency_ms": 1807.9060435295105,
    "n": 40,
    "tag": "INT8 ONNX"
  },
  "delta": {
    "dice": 0.0035849335245737857,
    "iou": 0.006401704102191652
  },
  "gate_pass": true,
  "quantization": {
    "encoder": "dynamic-int8 (weight-only, per-channel)",
    "decoder": "dynamic-int8 (weight-only, per-channel)",
    "reason": "static int8 OOMs on the ViT encoder (~20GB) and collapses the trained decoder accuracy (Dice 0.94->0.73 via activation quant); weight-only dynamic is near-lossless"
  },
  "artifacts": {
    "encoder_int8": "vision_encoder.int8.onnx",
    "decoder_int8": "prompt_encoder_mask_decoder.int8.onnx",
    "encoder_fp32": "vision_encoder.onnx",
    "decoder_fp32": "prompt_encoder_mask_decoder.onnx"
  },
  "model_id": "facebook/sam-vit-base",
  "opset": 17,
  "mask_out": 256
}