{
  "fp32": {
    "dice": 0.9449316183783119,
    "iou": 0.8961284975508015,
    "accuracy": 0.9976802825912511,
    "precision": 0.9744017087866077,
    "recall": 0.9191289994627375,
    "specificity": 0.9994768210364203,
    "hd95": 2.5802873111543487,
    "size_mb": 375.2,
    "latency_ms": 2447.514319419861,
    "n": 40,
    "tag": "FP32 ONNX"
  },
  "int8": {
    "dice": 0.7314390886914819,
    "iou": 0.6320936839129415,
    "accuracy": 0.9891590118393111,
    "precision": 0.7447233839283676,
    "recall": 0.7404524626954069,
    "specificity": 0.9955023562890414,
    "hd95": 17.038363349182163,
    "size_mb": 105.6,
    "latency_ms": 1864.4679248332977,
    "n": 40,
    "tag": "INT8 ONNX"
  },
  "delta": {
    "dice": 0.21349252968682997,
    "iou": 0.26403481363785997
  },
  "gate_pass": false,
  "quantization": {
    "encoder": "dynamic-int8 (weight-only, per-channel)",
    "decoder": "static-int8 (QDQ, MinMax calibration, per-channel)",
    "reason_encoder_dynamic": "static ViT calibration OOMs (~20GB); encoder frozen"
  },
  "artifacts": {
    "encoder_int8": "vision_encoder.int8.onnx",
    "decoder_int8": "prompt_encoder_mask_decoder.int8.onnx",
    "encoder_fp32": "vision_encoder.onnx",
    "decoder_fp32": "prompt_encoder_mask_decoder.onnx"
  },
  "model_id": "facebook/sam-vit-base",
  "opset": 17,
  "mask_out": 256
}