{
  "dice": 0.7314390886914819,
  "iou": 0.6320936839129415,
  "accuracy": 0.9891590118393111,
  "precision": 0.7447233839283676,
  "recall": 0.7404524626954069,
  "specificity": 0.9955023562890414,
  "hd95": 17.038363349182163,
  "size_mb": 105.6,
  "latency_ms": 1864.4679248332977,
  "n": 40,
  "tag": "INT8 ONNX"
}