{
  "dice": 0.9449316183783119,
  "iou": 0.8961284975508015,
  "accuracy": 0.9976802825912511,
  "precision": 0.9744017087866077,
  "recall": 0.9191289994627375,
  "specificity": 0.9994768210364203,
  "hd95": 2.5802873111543487,
  "size_mb": 375.2,
  "latency_ms": 2482.263857126236,
  "n": 40,
  "tag": "FP32 ONNX"
}