{
  "dice": 0.9413466848537381,
  "iou": 0.8897267934486098,
  "accuracy": 0.9975444793685952,
  "precision": 0.9754722125938844,
  "recall": 0.9118168727709041,
  "specificity": 0.9995031130937513,
  "hd95": 2.6978769360533534,
  "size_mb": 105.7,
  "latency_ms": 1807.9060435295105,
  "n": 40,
  "tag": "INT8 ONNX"
}